,Control,RNAi1,RNAi2
Slide1,0.071428571,0.666666667,0.725
Slide2,0.033333333,0.862068966,0.942857143
Slide3,0.125,0.6875,0.756097561